customer_id,customer_name,city,state,status
C001,Acme Retail,Bengaluru,Karnataka,active
C002,Northstar Foods,Pune,Maharashtra,active
C003,Vertex Health,Hyderabad,Telangana,active
C004,BluePeak Energy,Chennai,Tamil Nadu,active
C005,Nova Manufacturing,Mumbai,Maharashtra,active
C006,Orion Media,Delhi,Delhi,active
C007,GreenGrid Utilities,Bengaluru,Karnataka,active
C008,Aster Pharma,Pune,Maharashtra,active
C009,Summit Sports,Kolkata,West Bengal,active
C010,Cedar Technologies,Hyderabad,Telangana,active
